Trousers,Bottoms,Pants,female
Mini Dress,Dresses,Mini Dress,female
Midi Dress,Dresses,Midi Dress,female
Maxi Dress,Dresses,Maxi Dress,female
Trousers,Bottoms,Pants,female
Trouser,Bottoms,Pants,female
Shirts,Tops,Shirts,female
Shirt,Tops,Shirts,female
T-Shirts,Tops,T-Shirts,female
T-Shirt,Tops,T-Shirts,female
Crops,Tops,Crops/Singlets,female
Crop,Tops,Crops/Singlets,female
Singlets,Tops,Crops/Singlets,female
Singlet,Tops,Crops/Singlets,female
Blouses,Tops,Blouses,female
Blouse,Tops,Blouses,female
Long Sleeves,Tops,Long Sleeves,female
Long Sleeve,Tops,Long Sleeves,female
Bodysuits,Tops,Bodysuits,female
Bodysuit,Tops,Bodysuits,female
Pants,Bottoms,Pants,female
Pant,Bottoms,Pants,female
Jeans,Bottoms,Jeans,female
Jean,Bottoms,Jeans,female
Shorts,Bottoms,Shorts,female
Short,Bottoms,Shorts,female
Evening Dress,Dresses,Evening Dress,female
Business Dress,Dresses,Business Dress,female
Tanks,Activewear,Tanks,female
Tank,Activewear,Tanks,female
Leggings,Activewear,Leggings,female
Legging,Activewear,Leggings,female
Sports Bras,Activewear,Sports Bras,female
Sports Bra,Activewear,Sports Bras,female
Trackpants,Activewear,Trackpants,female
Trackpant,Activewear,Trackpants,female
Coats,Coats/Jackets,Coats,female
Coat,Coats/Jackets,Coats,female
Jackets,Coats/Jackets,Coats,female
Jacket,Coats/Jackets,Coats,female
Hoodies,Sweats/Hoodies,Hoodies,female
Sweats,Sweats/Hoodies,Sweats,female
Jumpers,Jumpers/Knitwear,Jumpers/Knitwear,female
Jumper,Jumpers/Knitwear,Jumpers/Knitwear,female
Knitwear,Jumpers/Knitwear,Jumpers/Knitwear,female
Mini Skirt,Skirts,Mini Skirt,female
Midi Skirt,Skirts,Midi Skirt,female
Maxi Skirt,Skirts,Maxi Skirt,female
Work Skirt,Skirts,Work/Pencil Skirt,female
Pencil Skirt,Skirts,Work/Pencil,female
Jumpsuits,Jumpsuits/Playsuits,Jumpsuits,female
Jumpsuit,Jumpsuits/Playsuits,Jumpsuits,female
Playsuits,Jumpsuits/Playsuits,Playsuits,female
Playsuit,Jumpsuits/Playsuits,Playsuits,female
Blazer,Suits,Blazers,female
Suits,Suits,Suits,female
Suit,Suits,Suits,female
Suit Jacket,Suits,Suit Jacket,female
Suit Pants,Suits,Suit Pants,female
Bikini,Swimwear,Bikini,female
Bikini Tops,Swimwear,Bikini Tops,female
Bikini Top,Swimwear,Bikini Tops,female
Bikini Bottoms,Swimwear,Bikini Bottoms,female
Bikini Bottom,Swimwear,Bikini Bottoms,female
One Piece,Swimwear,One Piece,female
Beachwear,Swimwear,Beachwear,female
Vintage Top,Vintage,Tops,female
Vintage T-Shirt,Vintage,Tops,female
Vintage Jumper,Vintage,Jumpers,female
Vintage Jacket,Vintage,Jackets,female
Vintage Pants,Vintage,Bottoms,female
Vintage Dress,Vintage,Dresses,female
Vintage Skirt,Vintage,Skirts,female
Vintage Trousers,Vintage,Bottoms,female
Hats,Hats,Hats,female
Beanie,Hats,Beanies,female
SWEATSHIRT,Sweats/Hoodies,Sweats,female
Dresses~~Maxi Dresses,Dresses,Maxi Dress,female
Tops~~Camisoles,Tops,Crops/Singlets,female
